{
	"info": {
		"_postman_id": "b6b541b6-74b0-44c5-ba10-849b53ed98a6",
		"name": "ums_node",
		"schema": "https://schema.getpostman.com/json/collection/v2.1.0/collection.json",
		"_exporter_id": "16233269"
	},
	"item": [
		{
			"name": "create user",
			"request": {
				"auth": {
					"type": "bearer",
					"bearer": [
						{
							"key": "token",
							"value": "eyJhbGciOiJIUzI1NiIsInR5cCI6IkpXVCJ9.eyJ1c2VybmFtZSI6ImFkbWluIiwiaWF0IjoxNzE0NjQ2NTM0LCJleHAiOjE3MTQ2NDY1OTR9.ob9TvJ08TARhEQNNPeWR0EgkoU-O0Lfe953CRqoz7gg",
							"type": "string"
						}
					]
				},
				"method": "POST",
				"header": [],
				"body": {
					"mode": "raw",
					"raw": "{\r\n    \"username\":\"test1\", \r\n    \"password\":\"test1\"\r\n}",
					"options": {
						"raw": {
							"language": "json"
						}
					}
				},
				"url": {
					"raw": "http://localhost:5000/users",
					"protocol": "http",
					"host": [
						"localhost"
					],
					"port": "5000",
					"path": [
						"users"
					]
				}
			},
			"response": []
		},
		{
			"name": "login admin",
			"request": {
				"method": "POST",
				"header": [],
				"body": {
					"mode": "raw",
					"raw": "{\r\n    \"username\": \"admin\",\r\n    \"password\": \"admin\"\r\n}",
					"options": {
						"raw": {
							"language": "json"
						}
					}
				},
				"url": {
					"raw": "http://localhost:5000/login",
					"protocol": "http",
					"host": [
						"localhost"
					],
					"port": "5000",
					"path": [
						"login"
					]
				}
			},
			"response": []
		},
		{
			"name": "update user",
			"request": {
				"auth": {
					"type": "bearer",
					"bearer": [
						{
							"key": "token",
							"value": "eyJhbGciOiJIUzI1NiIsInR5cCI6IkpXVCJ9.eyJ1c2VybmFtZSI6InRlc3QzIiwiaWF0IjoxNzE0NjQ4NjIzLCJleHAiOjE3MTQ2NTIyMjN9.3rChCW3SmDARZVCMeitoFgySReCXJh_nf1A1jwmT79c",
							"type": "string"
						}
					]
				},
				"method": "PUT",
				"header": [],
				"body": {
					"mode": "raw",
					"raw": "{\r\n    \"username\":\"test4\", \r\n    \"password\":\"test4\"\r\n}",
					"options": {
						"raw": {
							"language": "json"
						}
					}
				},
				"url": {
					"raw": "http://localhost:5000/users/:userId",
					"protocol": "http",
					"host": [
						"localhost"
					],
					"port": "5000",
					"path": [
						"users",
						":userId"
					],
					"variable": [
						{
							"key": "userId",
							"value": "3"
						}
					]
				}
			},
			"response": []
		},
		{
			"name": "delete",
			"request": {
				"auth": {
					"type": "bearer",
					"bearer": [
						{
							"key": "token",
							"value": "eyJhbGciOiJIUzI1NiIsInR5cCI6IkpXVCJ9.eyJ1c2VybmFtZSI6ImFkbWluIiwiaWF0IjoxNzE0NjQxMTM0LCJleHAiOjE3MTQ2NDExOTR9.cydCHpJkrtZm0K4CnOk-_aBUwE9ad1T3sg6YwQx9Ml4",
							"type": "string"
						}
					]
				},
				"method": "DELETE",
				"header": [],
				"url": {
					"raw": "http://localhost:5000/users/:userId",
					"protocol": "http",
					"host": [
						"localhost"
					],
					"port": "5000",
					"path": [
						"users",
						":userId"
					],
					"variable": [
						{
							"key": "userId",
							"value": "3"
						}
					]
				}
			},
			"response": []
		},
		{
			"name": "assign role",
			"request": {
				"auth": {
					"type": "bearer",
					"bearer": [
						{
							"key": "token",
							"value": "eyJhbGciOiJIUzI1NiIsInR5cCI6IkpXVCJ9.eyJ1c2VybmFtZSI6InRlc3QzIiwiaWF0IjoxNzE0NjQ4NjIzLCJleHAiOjE3MTQ2NTIyMjN9.3rChCW3SmDARZVCMeitoFgySReCXJh_nf1A1jwmT79c",
							"type": "string"
						}
					]
				},
				"method": "POST",
				"header": [],
				"body": {
					"mode": "raw",
					"raw": "{\r\n    \"role\":\"test4\"\r\n}",
					"options": {
						"raw": {
							"language": "json"
						}
					}
				},
				"url": {
					"raw": "http://localhost:5000/users/:userId/roles",
					"protocol": "http",
					"host": [
						"localhost"
					],
					"port": "5000",
					"path": [
						"users",
						":userId",
						"roles"
					],
					"variable": [
						{
							"key": "userId",
							"value": "4"
						}
					]
				}
			},
			"response": []
		},
		{
			"name": "create Page",
			"request": {
				"auth": {
					"type": "bearer",
					"bearer": [
						{
							"key": "token",
							"value": "eyJhbGciOiJIUzI1NiIsInR5cCI6IkpXVCJ9.eyJ1c2VybmFtZSI6ImFkbWluIiwiaWF0IjoxNzE0NjQ1NTIzLCJleHAiOjE3MTQ2NDU1ODN9.ADfolGcICJudU9mKt5L6v-iE0poa3SGILqinFJiVdeI",
							"type": "string"
						}
					]
				},
				"method": "POST",
				"header": [],
				"body": {
					"mode": "raw",
					"raw": "{\r\n    \"name\": \"test home page\",\r\n    \"content\": \"welcome to the test home page\",\r\n    \"roleId\":2\r\n}",
					"options": {
						"raw": {
							"language": "json"
						}
					}
				},
				"url": {
					"raw": "http://localhost:5000/pages",
					"protocol": "http",
					"host": [
						"localhost"
					],
					"port": "5000",
					"path": [
						"pages"
					]
				}
			},
			"response": []
		},
		{
			"name": "login user",
			"request": {
				"method": "POST",
				"header": [],
				"body": {
					"mode": "raw",
					"raw": "{\r\n    \"username\": \"test3\",\r\n    \"password\": \"test3\"\r\n}",
					"options": {
						"raw": {
							"language": "json"
						}
					}
				},
				"url": {
					"raw": "http://localhost:5000/login",
					"protocol": "http",
					"host": [
						"localhost"
					],
					"port": "5000",
					"path": [
						"login"
					]
				}
			},
			"response": []
		}
	]
}